text;label
slepet gus imin, diskusi cerdas dan pedas untuk indonesia maju;-1
nassar ngaku kaget saat diajak selfie anies baswedan;-1
park ahn nice trending di x, ternyata nama korea anies baswedan;-1
anies baswedan disambut meriah di gor maulana yusuf serang;-1
anies baswedan dapat dukungan megawati;-1
anies-muhaimin paslon terakhir yang tiba di lokasi debat pilpres 2024;-1
diusul jadi ketua tkd anies-muhaimin kota kendari, subhan: tinggal tunggu sk;-1
anies: integritas pemilu bukan dilihat dari pakta, tapi fakta;-1
anies baswedan ajak relawan amin bersatu untuk perubahan indonesia;-1
relawan amin 2024 yakin ahmad ali bisa menangkan anies-muhaimin;-1
ali mazi masuk bursa calon ketua tkd anies-muhaimin iskandar di sultra;-1
anies baswedan: berikan kebebasan rakyat untuk menentukan pilihan;-1
dapat nomor urut 1, muhaimin iskandar: ini pertanda baik;-1
anies hadiri deklarasi kemerdekaan pers di dewan pers;-1
hari ini merupakan hari terakhir kampanye oleh peserta pemilu termasuk pasangan calon presiden dan wakil presiden. beragam keriuhan terjadi pada kampanye akbar di hari terakhir tersebut.;-1
pemungutan suara pemilu 2024 tinggal menghitung hari. berikut potret elektabilitas ketiga paslon presiden 2024 berdasarkan hasil survei terbaru.;-1
"ketua mpr ri bambang soesatyo mengajak para kontestan politik dan pendukungnya untuk mengakhiri kampanye terbuka dengan tetap menjaga keamanan, ketertiban, dan kedamaian.

ia juga mengimbau untuk menyambut minggu tenang dari tanggal 11-13 februari 2024 dengan kondusif. dengan begitu, warga bisa menggunakan hak pilihnya pada 14 februari 2024 dengan nyaman dan aman.

""hari ini, ketiga pasang capres";-1
cak imin: hari ini kita berkumpul di stadion bola je-i-se;-1
anies minta maaf atas semua kekurangan kampanye akbar amin di jis;-1
intip arsitektur jis yang jadi tempat kampanye akbar anies-muhaimin;-1
lembaga survei indonesia (lsi) menyebut 66,3% responden menginginkan pilpres 2024 berlangsung satu putaran. lsi juga merilis survei prediksi pemenang pilpres.;-1
anies: ada kabar penggiringan opini satu putaran, lawan dengan hati nurani;-1
lembaga survei indonesia (lsi) merilis hasil survei elektabilitas capres-cawapres 2024 menjelang pilpres. lsi membuat simulasi surat suara pilpres, seperti apa hasilnya?;-1
kampanye akbar pasangan calon presiden dan wakil presiden anies-muhaimin (amin) di jakarta international stadium (jis), jakarta, berakhir. massa terlihat mulai meninggalkan lokasi.;-1
potret massa di jis saat anies dan cak imin orasi di kampanye akbar;-1
anies: semoga 14 februari kita rayakan hari perubahan indonesia;-1
ketua umum partai nasdem surya paloh berpidato di hadapan massa pendukung anies-muhaimin (amin) pada kampanye akbar di jakarta international stadium (jis), jakarta utara. surya paloh mengajak massa yang hadir untuk segera melakukan perubahan.;-1
lembaga indikator politik indonesia merilis hasil survei jelang pemungutan suara, di mana prabowo dan gibran menempati urutan pertama, disusul anies-muhaimin (amin) kemudian pasangan nomor urut 3 ganjar dan mahfud md.;-1
survei indikator politik indonesia menunjukkan paslon nomor urut 1, anies baswedan-muhaimin iskandar atau cak imin, berada di posisi kedua.;-1
anies minta kpu netral: bila ini jadi pemilu terburuk, anak-cucu anda malu;-1
paslon nomor urut 1 anies baswedan-muhaimin iskandar menggelar kampanye akbar di jakarta international stadium (jis). stasiun kampung bandan terpantau padat pagi ini.;-1
hari pemungutan suara pemilu 2024 semakin dekat. bagaimana kekuatan tiga paslon capres dan cawapres h-4 menjelang pencoblosan?;-1
relawan paslon nomor urut 2 prabowo-gibran, gibran center angkat bicara terkait potensi koalisi paslon nomor urut 1, anies-muhaimin, dengan paslon nomor urut 3, ganjar-mahfud. gibran center tetap yakin prabowo-gibran akan menang satu putaran.;-1
ribuan orang hadiri kampanye di tulungagung, anies: bukan massa bayaran;-1
cak imin minta maaf usai diprotes doakan syaiful huda jadi mendikbud;-1
timnas amin sebut eks menhan ryamizard ryacudu dukung anies-muhaimin;-1
cak imin janji usut tuntas tragedi kanjuruhan jika terpilih jadi wapres;-1
politikus pendukung pasangan prabowo subianto dan gibran rakabuming raka, maruarar sirait, menanggapi hasil survei indikator politik di mana paslon nomor urut 2 berada di posisi teratas. maruarar mengatakan salah satu faktornya lantaran tingkat kepuasan terhadap presiden joko widodo (jokowi) yang tinggi.;-1
calon anggota dprd sumatera barat (sumbar) dari daerah pemilihan (dapil) sumbar ii, adrian tuswandi 'hijrah' atau pindah dukungan dari mendukung anies baswedan ke prabowo subianto. adrian mengaku siap dengan konsekuensinya meskipun dia maju sebagai caleg partai ummat.;-1
ketua muslimat nu jabar deklarasi dukung anies-cak imin di pilpres 2024;-1
penggemar raja dangdut rhoma irama jawa timur (rhomais) mendeklarasikan dukungan untuk pasangan capres-cawapres nomor urut 1 anies baswedan dan muhaimin iskandar atau cak imin (amin). deklarasi itu dilakukan saat kampanye akbar amin di stadion untung suropati, pasuruan, jawa timur.;-1
amin satu-satunya paslon yang kampanye di tulungagung, anies beber alasannya;-1
lembaga survei poltracking merilis hasil survei elektabilitas para paslon pilpres 2024. hasilnya, prabowo subianto-gibran rakabuming raka berada di posisi teratas dengan angka 50,9%.;-1
sejumlah lembaga survei mengeluarkan hasil survei yang menunjukkan elektabilitas paslon nomor urut 2, prabowo subianto-gibran rakabuming raka, di atas 50 persen. tkn prabowo-gibran menyebut temuan yang menunjukkan pilpres berpotensi satu putaran itu sesuai dengan temuan di lapangan.;-1
lembaga survei indikator politik indonesia merilis hasil survei peta elektoral di akhir masa kampanye di mana pasangan nomor urut 2, prabowo subianto dan gibran rakabumimg raka menempati posisi pertama dengan elektabilitas 51,8 persen.;-1
direktur eksekutif indikator politik indonesia, burhanuddin muhtadi, menganalisis peluang pemilihan presiden (pilpres) berlangsung 1 putaran. analisis burhanuddin mengacu pada hasil survei indikator politik pada periode 28 januari hingga 4 februari 2024.;-1
lembaga survei indikator politik indonesia merilis hasil survei peta elektoral di akhir masa kampanye. hasilnya, pasangan nomor urut 2, prabowo subianto dan gibran rakabumimg raka menempati posisi pertama dengan elektabilitas 51,8 persen.;-1
bantahan amin soal settingan nelayan caleg pks curhat ke anies baswedan;-1
anies ungkap alasan jadikan jis lokasi kampanye akbar terakhir;-1
capres nomor urut 1 anies baswedan membawa-bawa coldplay soal tiket kampanye akbar anies-muhaimin iskandar (amin) yang akan diselenggarakan di jakarta international stadium (jis) pada 10 februari 2024 mendatang. apa katanya?;-1
politisi pdi perjuangan, basuki tjahaja purnama atau ahok, berbicara mengenai kemungkinan koalisi antara paslon nomor urut 3, ganjar-mahfud, dengan paslon nomor urut 1, anies-muhaimin pada kontestasi pilpres 2024.;-1
heru budi bagikan bansos pakai kantong biru muda, anies: biar rakyat menilai;-1
kampanye di garut, anies baswedan: jabar selalu di barisan perubahan;-1
keyakinan cak imin jabar jadi pusat kemenangan amin di pilpres 2024;-1
lembaga survei veracity merilis hasil survei mengenai elektabilitas capres-cawapres di pilpres 2024. seperti apa?;-1
anies baswedan bicara pemekaran daerah jabar saat kampanye di garut;-1
ketua mpr ri bambang soesatyo (bamsoet) melakukan silaturahmi dan konsolidasi dengan mpc pemuda pancasila kabupaten banjarnegara.;-1
cak imin janji tata sitem pendidikan untuk kurangi pengangguran;-1
cawapres nomor urut 1, muhaimin iskandar atau cak imin mengatakan permasalahan terjadinya pengangguran dikarenakan link and match pendidikan tidak diseriusi. cak imin berjanji akan menata sistem pendidikan jika menang pilpres 2024.;-1
anies ke pendukung: tetap datang ke jis meski tak dapat tiket;-1
cak imin singgung soal negara dinasti saat kampanye di bandung;-1
timnas amin buka suara soal viral nelayan curhat ke anies ternyata caleg pks;-1
anies puji anies bubble: tak muncul wajahnya tapi jasanya;-1
cak imin ajak kiai dan santri terlibat dalam perubahan;-1
heboh nelayan curhat-peluk anies di parepare ternyata caleg pks;-1
survei populi center: prabowo menang satu putaran, suara anies-ganjar tergerus;-1
kata anies soal peluang koalisi dengan ganjar setelah ahok turun gunung;-1
cak imin terima keluhan insentif guru paud di banyuwangi cuma rp 100 ribu;-1
cak imin targetkan amin raih 50% suara di jakarta;-1
survei terendah di jatim, ini respons cak imin;-1
anies singgung pelanggaran etik kpu-jokowi rajin bagi bansos di masa kampanye;-1
respons cak imin soal amin posisi terendah survei poltracking di jatim;-1
cak imin janji ubah rekrutmen lpdp: kita siapkan semua punya kesempatan;-1
tipis kemungkinan koalisi anies-ganjar gegara ahok, ini kata cak imin;-1
kampanye akbar amin tetap digelar di pasuruan dengan pindah lokasi;-1
anies: 14 februari hari perubahan indonesia;-1
kesalnya tim amin gegara anies dihambat saat lalui pintu vip kualanamu;-1
alumni undip semarang deklarasi dukung anies-muhaimin;-1
kata anies soal prabowo minta maaf di akhir debat: nggak ada salahnya;-1
cak imin: insyaallah anies-muhaimin tidak punya utang kepada siapa pun;-1
cak imin: kampus-kampus mulai bergolak nggih?;-1
cak imin kembali sentil food estate: gagal total, layak masuk muri;-1
kualanamu dapat informasi anies tak lewat jalur vip, edy: bohong;-1
respons cak imin soal sanksi dkpp ke kpu terkait pendaftaran gibran;-1
senyum anies ketika prabowo sebut mantan menteri pendidikan;-1
anies sebut guru-dosen di jakarta bebas pbb, ini faktanya;-1
timnas amin: kufur kalau tak pilih anies-muhaimin;-1
momen anies baswedan buka debat pakai bahasa isyarat;-1
kecewa, relawan prabowo pindah dukungan ke anies di pilpres 2024;-1
anies janji angkat 700 ribu guru honorer jadi pppk jika terpilih;-1
balasan timnas amin soal anies diberi nilai 10 dari 100 sebagai mendikbud;-1
anies-cak imin pamerkan light stick ke pendukung sebelum debat terakhir;-1
anies diberi semangat dari tetangga sebelum hadiri debat pamungkas pilpres;-1
timnas amin: tema debat ke-5 bidangnya anies;-1
anies kosongkan agenda sabtu demi debat pilpres kelima malam ini;-1
alumni its pro perubahan deklarasi dukung anies-cak imin;-1
bupati sidoarjo dukung prabowo, cak imin: dia lagi punya masalah;-1
cak imin tak khawatir soal kekuatan 3 presiden di belakang prabowo;-1
respons anies soal prabowo waswas dikasih nilai jelek di debat;-1
cak imin support anies dengan doa jelang debat pilpres kelima;-1
riwayat pendidikan anies baswedan: belajar di jogja, jepang, hingga as;-1
di lumajang cak imin janji beri bantuan usaha rp 150 t untuk anak muda;-1
kata cak imin bupati sidoarjo otomatis bukan pkb usai merapat ke prabowo;-1
bupati sidoarjo dukung prabowo-gibran, cak imin: otomatis berhenti dari pkb;-1
respons anies soal prabowo waswas jelang debat usai diberi nilai 11;-1
keluarga besar alumni gontor se-ri deklarasi dukung amin;-1
hadiri sarasehan dpd ri, anies jelaskan visi keadilan dan kesetaraan;-1
cak imin janji perhatikan 4 kelompok rentan: kita review uu yang tak adil;-1
anies kritik pembangunan tol trans jawa: panturanya mati;-1
"anies baswedan kampanye di parepare 6 februari, surya paloh dijadwalkan hadir
desakslepet amin digelar di jiexpo kemayoran, jakarta. warga memadati acara yang dihadiri capres anies";-1
kualanamu jelaskan soal pintu vip dikunci saat anies baswedan datang;-1
calon presiden nomor urut 2, prabowo subianto, mengatakan tidak akan memilih menteri yang hanya teori dalam kabinet jika menjadi presiden terpilih di pilpres 2024. waketum pkb jazilul fawaid menyebut prabowo 'nggege mongso' atau berbicara sebelum waktunya.;-1
mahfud mundur dari kabinet, cak imin sebut harusnya diikuti prabowo-gibran;-1
cawapres nomor urut 1 muhaimin iskandar (cak imin) mengupayakan presiden ke-4 ri kh abdurrahman wahid atau gus dur menjadi pahlawan nasional jika kelak amin (anies-muhaimin) menjadi pemimpin indonesia. cak imin mengungkit peran gus dur menciptakan perayaan imlek sebagai bagian kemajemukan di indonesia.;-1
hadiri refleksi imlek, cak imin: kalau perlu nanti digelar di istana negara;-1
anies sebut sumut jadi penentu, minta pendukung ajak 10 orang ikut milih;-1
ulama, habib dan ibu nyai mantab dukung amin, anies- cak imin dianugerahi gelar lora. 1 februari 2024;-1
lembaga survei indikator politik indonesia merilis hasil survei terkait preferensi warga nu dan dinamika elektoral di jawa timur (jatim). survei ini mengungkap sebaran suara nahdliyin di jatim menyasar ke pasangan nomor urut 2, prabowo subianto-gibran rakabuming raka.;-1
co-captain tim pemenangan nasional anies-muhaimin (timnas amin), thomas lembong atau tom lembong menyebut pemunduran diri yang dilakukan cawapres nomor urut 3, mahfud md merupakan hal yang memprihatinkan bagi negara. tom menyebut urusan mundur bukan semata-mata soal elektoral.;-1
co-captain timnas anies-muhaimin (timnas amin), thomas lembong atau tom lembong, siap beradu gagasan dengan menteri investasi/kepala bkpm, bahlil lahadalia. ia menyebut bahlil telah mencapai pucuk tertinggi daripada kekuasaan.;-1
forum ulama sumatra barat (sumbar) mengalihkan dukungannya dari pasangan anies baswedan-muhaimin iskandar atau cak imin kepada prabowo subianto-gibran rakabuming raka pada pilpres 2024. ketua tkd prabowo-gibran sumbar, andre rosiade, bersyukur semakin banyak yang mendukung prabowo-gibran.;-1
co-captain tim pemenangan nasional anies-muhaimin (timnas amin), thomas lembong atau tom lembong, mengungkap sejumlah janji jika anies dan cak imin (amin) menang di pilpres 2024. salah satu janjinya ialah merevisi aturan yang termuat di omnibus law.;-1
mahfud cerita ancaman partai demokrat saat penjajakan dengan anies;-1
mahfud ungkap ancaman demokrat saat dia hendak dipasangkan dengan anies;-1
cak imin kritik lpdp: yang miskin dan pesantren sering kalah saing;-1
cak imin cerita awal mula dapat sebutan panglima santri;-1
cak imin sebut presiden tak sungguh-sungguh laksanakan uu disabilitas;-1
cak imin: ada yang cemburu singkatan amin, sorry ye;-1
edy rahmayadi pamer jenderal di tim amin: tenang saja mas anies;-1
anies janjikan program bansos plus, jumlahnya akan ditambah;-1
cak imin curhat susah pinjam lapangan untuk kampanye 9 februari di jatim;-1
anies hormati mahfud siapkan surat mundur: etika harus dijunjung tinggi;-1
anies cerita gedung acara mendadak mati listrik: dicatat ke kepala pln-nya ya anies baswedan berkelakar memberikan catatan ke kepala pln setempat karena mati listrik mendadak di gedung itu.;-1
rombongan santri hendak hadiri kampanye anies kecelakaan di pamekasan;-1
ulama madura deklarasi dukung amin: satu putaran, menang;-1
disambut meriah sebelum orasi, anies: memang sumenep ini luar biasa!;-1
"anies-cak imin akan hadiri deklarasi ulama hingga kampanye akbar di madura
anies mengaku akan menyampaikan kepada warga manura tentang bagaimana hidup lebih leluasa. ";-1
"anies yakin madura ada di rombongan perubahan: pemilu sebelumnya begitu
capres nomor 1 anies baswedan meyakini warga madura, jawa timur berada di rombongan perubahan";-1
pembangunan proyek strategis nasional atau psn menurut calon presiden anies baswedan harus memperhatikan lingkungan. termasuk soal pembangunan pembangkit listrik tenaga panas bumi atau geothermal di daerah padarincang.;-1
janji anies jika terpilih presiden, tuntaskan persoalan pangan dalam 100 hari;-1
tkn balas sindiran cak imin soal pemuda sembunyi di balik ketiak opa-opa;-1
anies kampanye di sumut 1 februari, pendukung diimbau datang lebih awal;-1
anies minta jokowi konsisten, ungkit arahan netralitas ke aparat;-1
anies curhat pencapresannya banyak dihambat, izin hilang-gedung dibatalkan;-1
komandan tim komunikasi tkn prabowo-gibran, budisatrio djiwandono mengapresiasi hasil kerja keras tim sukses, relawan, dan masyarakat, terkait hasil survei lsi denny ja yang menyebut elektabilitas prabowo-gibran yang telah mencapai 50,7 persen.;-1
cak imin soal bus kampanye amin ke jis dibatalkan: dont worry, laksanakan;-1
cak imin: jateng kandang ganjar, kita ubah jadi kandangnya perubahan;-1
cawapres nomor urut 1 muhaimin iskandar atau cak imin menemui relawan kuning, ijo, biru (kib) dalam acara konsolidasi jaringan dan sumber daya tpes 50 se-pekalongan raya, jawa tengah (jateng). cak imin menyinggung mengubah jateng yang kandang capres nomor urut 3 ganjar pranowo dan banteng menjadi kandang perubahan.;-1
agenda presiden jokowi bagi-bagi bansos, kaus, hingga sertifikat tanah sejak awal 2024 dominan di jawa tengah dan yogyakarta. tindakan tersebut diduga upaya mendongkrak elektabilitas prabowo-gibran dan menjatuhkan ganjar-mahfud di kandang banteng.;-1
sekumpulan relawan yang tergabung dalam komunitas warteg nusantara atau kowantara mendeklarasikan dukungan kepada cawapres nomor urut 1 muhaimin iskandar atau cak imin. deklarasi dukungan ini dihadiri langsung oleh cak imin.;-1
co-captain tim pemenangan nasional anies-muhaimin atau cak imim (timnas amin), thomas trikasih lembong atau tom lembong, menduga ajakan menko marves luhut binsar pandjaitan kepada cak imin menengok tambang nikel di weda bay dan morowali sekaligus mewakili paslon nomor urut 2 prabowo subianto.;-1
anies terima info bus pendukung ke kampanye akbar di jis dibatalkan sepihak;-1
bus untuk kampanye amin dibatalkan, jubir: jadi makin semangat penuhi jis;-1
ditemani tom lembong, anies hadiri perayaan imlek di glodok chinatown;-1
anies-cak imin kampanye akbar di tegal, pendukung teriakkan perubahan;-1
cawapres nomor urut 2 muhaimin iskandar atau cak imin kembali menyentil menko marves luhut binsar pandjaitan. kali ini dia menyinggung luhut sambil menggandeng co-kapten tim pemenangan nasional anies-muhaimin (timnas amin), tom lembong.;-1
kelakar anies usai rhoma irama resmi deklarasi dukung amin;-1
kelakar anies usai rhoma irama resmi deklarasi dukung amin;-1
begini komentar anies soal jokowi makan bakso bareng prabowo;-1
massa simpatisan kerubuti anies baswedan di glodok pancoran;-1
terima dukungan jejaring rakyat miskin, anies: jakarta harus menang besar;-1
anies: tak ada yang kami beri kecuali harapan untuk perubahan;-1
tim pemenangan nasional anies-muhaimin (timnas amin), melaunching kan buku 'anies baswedan the rising star' karya samsul muarif. launching ini dihadiri langsung oleh co-captain timnas amin, thomas lembong atau tom lembong.;-1
co-captain tim pemenangan nasional anies-muhaimin (timnas amin), thomas lembong atau tom lembong menyebut situasi indonesia kini semakin genting. dia mengatakan indonesia butuh reformasi hukum besar-besaran atau disebutnya sebagai big bang reform.;-1
co-captain tim pemenangan nasional anies-muhaimin (timnas amin), thomas trikasih lembong atau tom lembong, menyambut ajakan menko marves, luhut binsar pandjaitan, untuk menengok tambang nikel di weda bay dan morowali kepada cawapresnya, muhaimin iskandar.;-1
jaringan relawan nasional siap sambut anies baswedan di pamekasan: gaungkan perubahan;-1
anies: kalau di sana punya bansos, kita punya rhoma irama;-1
"""kami dengan teman-teman 01, interaksinya normal-normal saja. ada interaksi, tapi normal-normal saja. belum secara spesifik mengarah ke kemungkinan koalisi. karena baik 01, 03 kemarin bertemu di sela-sela debat, semuanya masih fokus untuk memenangkan internal di 14 februari,"" ucap andi.";-1
cak imin bakal setop proyek food estate, janjikan bangun pabrik pupuk;-1
bawa warga nu-muhammadiyah, cak imin: kita kalahkan mereka!;-1
cawapres nomor urut 1, muhaimin iskandar atau cak imin, menanggapi ajakan menko marves luhut binsar pandjaitan untuk menengok tambang nikel di weda bay dan morowali. cak imin pun membuka kemungkinan mengajak co-kapten tim pemenangan nasional anies-muhaimin (timnas amin), tom lembong.;-1
anies bertemu emil salim: tak bicara masa lalu, tapi masa depan;-1
cak imin sindir kawan lama lupa diri karena dibeli paslon lain;-1
ulama jabar deklarasi dukungan untuk anies baswedan;-1
jk merupakan wakil presiden ke-10 dan ke-12 ri, sedangkan surya paloh adalah ketua umum partai nasdem, partai pengusung anies-muhaimin iskandar (cak imin). di hadapan jk-paloh dan para pendukungnya, anies menyebut keuangan masyarakat saat ini makin terhimpit dan menyerukan perubahan.;-1
seteru luhut vs cak imin yang tak kunjung usai;-1
kampanye di bandung, anies baswedan singgung kondisi ekonomi negara;-1
optimisme jk dan surya paloh saat dampingi anies kampanye di bandung;-1
anies optimis masyarakat jabar pilih perubahan;-1
respons anies usai tom lembong dikritik luhut dan bahlil;-1
cak imin temui kelompok tani di wonosobo, bicara soal petani anak muda;-1
cak imin: nanti saya temui pak luhut dan ajak ke daerah-daerah tambang;-1
anies: di sana didukung konglomerat, di sini rakyat memperjuangkan keadilan;-1
kampanye di aceh, anies singgung solar sulit-beras mahal;-1
kontroversi dan doa haru agar anies dicintai allah dan jibril;-1
cawapres nomor urut 1 muhaimin iskandar atau cak imin berjanji memprioritaskan pembangunan bandara bali utara. itu jika pasangan anies-muhaimin (amin) menang di pilpres 2024.;-1
cak imin buka suara soal responden tolak survei gegara takut bansos disetop;-1
pimpinan pkb bicara warga nahdlatul ulama (nu) yang tak memilih pemimpin dari nu berarti korslet. pernyataan elite pkb itu direspons keras oleh petinggi pengurus besar nahdlatul ulama (pbnu).;-1
kontroversi dan doa haru agar anies dicintai allah dan jibril;-1
cak imin sesumbar amin masuk putaran kedua: alhamdulillah hampir pasti;-1
pendiri haidar alwi institute (hai), r haidar alwi menyoroti sejumlah hasil lembaga survei terkait elektabilitas capres-cawapres. ia menyebut sebagian besar hasil survei menempatkan elektabilitas prabowo-gibran pada posisi teratas.;-1
cak imin sesumbar suara amin di bali minimal 50 persen;-1
jawaban anies saat pendukung curhat beda pilihan capres dengan orang tua;-1
wakil ketua dewan pakar tkn prabowo-gibran, budiman sudjatmiko, merespons pernyataan co captain timnas anies-muhaimin (amin), tom lembong, yang menyebut kubu prabowo-gibran mengalami kepanikan usai gibran rakabuming tampil debat pilpres 2024;-1
cawapres nomor urut 1, muhaimin iskandar atau cak imin, diminta masyarakat bali utara untuk membangun bandara di buleleng. cak imin mengiyakan permintaan tersebut.;-1
penjelasan haru suandharu soal video pidato viral anies dicintai jibril;-1
anies baswedan kunjungi kedaton kesultanan ternate;-1
cak imin ngaku khawatir warga bentrok kalau presiden berpihak;-1
cawapres nomor urut 1, muhaimin iskandar atau cak imin menemui relawan bali satu suara untuk anies-muhaimin (basra amin). di hadapan relawan cak imin menyinggung banyak warga yang protes mengenai pernyataan presiden joko widodo (jokowi) tentang boleh ikut kampanye dan memihak.;-1
"penampakan kampanye anies di padang yang disebut kurang, ditepis tpd amin
tpd atau tim pemenangan daerah amin sumbar membantah narasi yang menyebutkan kampanye anies baswedan di padang, sumbar, sepi.";-1
kampanye capres nomor urut 1 anies baswedan di padang, sumatera barat (sumbar), disebut kurang. tudingan sepi ini dibantah tpd anies-muhaimin iskandar atau amin sumbar.;-1
cawapres nomor urut 1, muhaimin iskandar atau cak imin, menghadiri silaturahmi dan konsolidasi relawan bali satu suara untuk anies-muhaimin (basra amin). acara konsolidasi digelar di sunset 100 hotel, badung, bali.;-1
wakil ketua umum pkb, jazilul fawaid, bicara soal pilihan pemimpin bagi warga nahdlatul ulama (nu). dia mengatakan warga nu yang tak memilih pemimpin dari nu berarti korslet.;-1
jika terpilih, cak imin akan tutup food estate;-1
respons cak imin terkait reyna usman ditahan kpk: biarin aja;-1
ketua tpd amin jabar jelaskan konteks viral kampanye sebut jibril;-1
viral tpd amin jabar kampanye anies dicintai jibril, ini penjelasannya;-1
anies: pilih pemimpin harus tahu aslinya, emosional atau tidak;-1
"pendukung curhat beda pilihan capres dengan orang tua, anies bilang begini
pendukung anies baswedan bercerita di desak anies bahwa dirinya berbeda pilihan dengan orang tuanya di pilpres 2024. apa jawaban anies baswedan?";-1
di palembang, anies singgung banyak izin kampanye tiba-tiba dicabut;-1
viral kampanye anies baswedan bawa bawa nama malaikat jibril;-1
jokowi bilang presiden boleh memihak, anies: ahli hukum tata negara verifikasi;-1
anies kampanye di palembang, disambut riuh warga;-1
anies kampanye di palembang, disambut riuh warga;-1
kampanye terbuka di padang, anies baswedan didampingi gubernur sumbar;-1
kata cak imin usai disebut bohong oleh luhut soal hilirisasi ugal-ugalan;-1
viral pose jari dari mobil kepresidenan di jateng, ini respons cak imin;-1
kampanye di cilacap, anies: nyong bungah bisa tekan cilacap;-1
anies kampanye akbar di padang besok, hanya 2 jam lalu ke palembang;-1
menyoroti rencana cak imin beri dana desa rp 5 m, anggaran besar-rawan dikorupsi;-1
kelompok gema pelaut deklarasi dukung amin, target bantu raih 5 juta suara;-1
partai berkarya kubu syamsu djalal dukung amin di pilpres 2024;-1
anies pamer tutup alexis saat jabat gubernur: cukup kertas dan tanda tangan;-1
viral kaesang cium tangan istri anies saat bertemu di bandara;-1
anies cerita soal singkatan amin: konsultan komunikasinya allah;-1
bahlil respons cak imin soal hilirisasi ugal-ugalan: jangan jadi antek asing!;-1
janjikan 5 juta suara, gema pelaut deklarasi dukung anies-muhaimin;-1
anies dijadwalkan dua kali kampanye di benteng kuto besak palembang;-1
gerakan maritim pejuang laut anies muhaimin (gema pelaut amin) mendeklarasikan diri untuk memenangkan pasangan calon presiden (capres) anies baswedan muhaimin iskandar atau cak imin. mereka menargetkan 5 juta suara dari kelompok maritim untuk amin di pemilihan presiden pada 14 februari.;-1
menteri investasi/kepala badan koordinasi penanaman modal (bkpm) bahlil lahadalia menanggapi pernyataan cawapres nomor urut 01 muhaimin iskandar (cak imin) yang menyebut program hilirisasi ugal-ugalan. bahlil menyebut justru cak imin lah yang ugal-ugalan dan meminta untuk tidak berhalusinasi.;-1
jokowi sebut presiden boleh memihak, begini respons anies;-1
momen anies tukar nasib dengan tukang becak usai sowan sultan jogja;-1
sejumlah komika datangi kediaman cak imin, deklarasi dukung amin di pilpres;-1
desak anies akhirnya digelar di godean, ribuan orang padati lokasi;-1
kata cak imin soal laporan bpk proyek kemnakertrans 2012 rugi rp 17,6 m;-1
respons anies hingga penjelasan tni soal izin tempat desak anies dicabut;-1
anies baswedan akan bertemu sultan hamengku buwono x besok;-1
anies kunjungi kantor pw muhammadiyah diy, ini yang dibahas;-1
anies baswedan dijadwalkan kampanye akbar di palembang;-1
cak imin klaim banyak tokoh dpp ppp dukung amin;-1
janji anies buat jogja, dari pusat sinema hingga kebebasan bicara;-1
viral narasi surya paloh marahi anies baswedan, ini faktanya;-1
nasdem pastikan rekaman surya paloh marahi anies hoaks, ini isinya;-1
surya paloh ungkap alasan tak pernah dampingi anies saat kampanye;-1
kata anies soal izin acara desak anies di yogya dicabut;-1
janji cak imin bakal perhatikan kebutuhan penyandang disabilitas;-1
momen anies bacakan pantun asam sulfat yang disambut tawa pendukung;-1
dikunjungi fery dan mutiara baswedan, waldjinah titip kain batik untuk anies;-1
cak imin sesalkan izin desak anies di yogya dicabut: ini negara demokrasi;-1
reaksi cak imin soal izin desak anies di yogyakarta dicabut;-1
sudirman said: banyak yang prediksi ri akan dipimpin orang seperti anies;-1
cak imin klaim ada pemaksaan pilihan;-1
anies kampanye di gor parung, tpd kabupaten bogor targetkan menang 80%;-1
anies peragakan cara coblos amin di cikarang, target menang 80% di jabar;-1
anies kampanye di cikarang, disambut kerumunan pendukung;-1
anies kampanye di cikarang, disambut kerumunan pendukung;-1
anies soal gaya gibran di debat: kalau substansi kuat, tak perlu atraksi;-1
klaim anies tak ada orang bayaran saat kampanye akbar;-1
adu sindiran cak imin dan gibran: mulai catatan mk hingga botol plastik;-1
cak imin: tantangan zaman now, butuh solusi zaman now, berarti cakiminow;-1
anies kampanye di banten: amin bukan cuma menang, tapi harus menang besar!;-1
respons gibran, cak imin sindir pemerintahan jokowi tak serius garap ebt;-1
cak imin: tantangan zaman now, butuh solusi zaman now, berarti cakiminow;-1
jazilul soal lawan debat cak imin: tak ada yang berat;-1
intip persiapan cak imin, gibran hingga mahfud md jelang debat cawapres;-1
kampanye di tangerang, anies: yang datang bukan orang-orang bayaran;-1
cak imin kampanye di bali 26 januari, disarankan tak pakai atribut partai;-1
anies awali kampanye akbar di tangerang, disambut antusias warga;-1
timnas amin: cak imin sudah dalami tema debat cawapres bersama pakar;-1
alasan tak sesuai kesepakatan di balik videotron anies diturunkan;-1
rhoma irama berencana bikin lagu untuk amin usai ditemui anies;-1
tim anies nilai penjelasan bawaslu soal masalah videotron mengada-ada;-1
timnas amin ungkap pesan di balik anies selfie berlatar welcome to batam;-1
anies bertemu organisasi film indonesia, bahas upaya minimalis pembajakan;-1
anies bertemu organisasi film indonesia, bahas upaya minimalis pembajakan;-1
seusai ditemui anies, rhoma irama berencana bikin lagu untuk amin;-1
seusai ditemui anies, rhoma irama berencana bikin lagu untuk amin;-1
survei lsi terbaru: prabowo unggul, anies naik, ganjar turun;-1
kocak! saat netizen suruh cak imin belajar sebelum debat cawapres lewat anies;-1
simulasi 2 putaran lsi: prabowo menang lawan ganjar maupun anies;-1
survei lsi: prabowo-gibran 47%, amin 23,2%, ganjar-mahfud 21,75%;-1
survei indikator sulsel: prabowo-gibran 53,5%, amin 33%, ganjar-mahfud 4,5%;-1
jenggala center deklarasi dukung anies-cak imin di pilpres 2024;-1
ratusan baliho anies dirusak di medan, pelaku terekam cctv;-1
kampanye di batam, anies sebut bakal tingkatkan program bansos jadi bansos plus;-1
diteriaki nama capres lain, anies: saya salami yang punya pilihan beda;-1
cak imin sebut amin dapat dukungan kiai thoifur dan keluarga;-1
tempat kampanye di daerah kerap pindah, anies: ada yang tak inginkan perubahan;-1
begini kata anies baswedan soal konflik rempang eco city;-1
anies baswedan bakal kampanye akbar di sumut 1 februari 2024;-1
tiba di batam, anies sempatkan berfoto di monumen welcome to batam;-1
kampanye di batam, anies pakai kaus batam 40+ kota maju diteriaki presiden;-1
lokasi kampanye anies di batam besok berubah, ini daftar terbarunya;-1
jelang debat cawapres kedua, cak imin: insyaallah, bismillah!;-1
dapat dukungan abu bakar baasyir, begini kata cak imin;-1
respons anies usai gus ipul minta tak pilih paslon dukungan baasyir;-1
apresiasi anies ke kapolri usai pria ancam tembak dirinya diamankan;-1
alumni trisakti deklarasi dukung anies-cak imin di pilpres 2024;-1
anies 2 kali batal kampanye di bali, pilih daerah dengan pemilih banyak;-1
fakta-fakta terbaru soal motif arjun ancam tembak anies baswedan;-1
timnas amin ungkap dugaan intimidasi kampanye anies di bone, spanduk dicopot;-1
fakta-fakta terbaru soal motif arjun ancam tembak anies baswedan;-1
cak imin balas gus ipul soal ajakan tak pilih paslon yang didukung baasyir;-1
sebut pernyataan gus ipul mengada-ada, cak imin: keberpihakan itu memalukan!;-1
pria di jatim dan kaltim ancam tembak anies baswedan, ini motifnya keduanya;-1
terungkap motif pemuda ancam tembak anies baswedan;-1
anies baswedan kaji pemekaran bone selatan di sulsel, tekankan pelayanan;-1
anies soal dugaan intimidasi di bone: lebih berat beban keluarga di indonesia;-1
anies bakal kampanye di batam, ini agendanya;-1
anies soal pria ancam tembak dirinya diamankan: kebebasan bicara terjaga;-1
tim amin sebut ada 30 pelanggaran pemilu di seluruh indonesia;-1
jk tak beri masukan cak imin jelang debat: bekas menteri masa diajarin lagi;-1
anies: cak imin tak perlu dimentori, sudah siap debat;-1
jawaban anies baswedan diminta emak-emak di sorong lanjutkan program jokowi;-1
viral videotron kampanyenya disebut diturunkan, anies bilang begini;-1
nusron wahid jawab cak imin: umat mengakui khofifah nu tulen;-1
kata pemprov dki soal videotron anies diturunkan mendadak;-1
anies nginap di rumah jk malam ini sebelum kampanye bareng di sulsel;-1
fahri hamzah sindir partai pengusung anies-muhaimin sudah lempar handuk;-1
"tim amin terima dukungan relawan rambun: perubahan tak bisa dibendung
rambun grilya sergap deklarasikan dukungannya terhadap anies baswedan-muhaimin atau cak imin. timnas amin menerima dukungan tersebut.";-1
gus yahya sentil yang ragukan ke-nu-an khofifah: celaka itu;-1
khofifah: dilabur 7 kali air bunga saya tetap ketum muslimat nu!;-1
turun tangan polisi tangkap pria ancam tembak anies di kaltim;-1
sentilan khofifah ke cak imin soal nu pilih amin;-1
anies kampanye di sorong besok, kunjungi jembatan puri-kompleks rufei;-1
anies kampanye di sorong besok, kunjungi jembatan puri-kompleks rufei;-1
pengancam tembak anies di kaltim serahkan diri ke polisi;-1
alasan abu bakar baasyir dukung anies-cak imin di pilpres 2024;-1
cak imin jelaskan soal wisata halal jika amin menang;-1
pernyataan lengkap abu bakar baasyir dukung anies baswedan di pilpres;-1
beredar rekaman abu bakar baasyir dukung anies-muhaimin di pilpres 2024;-1
cak imin kritik food estate: babat hutan, tapi perencanaanya tak matang;-1
anies minta pria yang ancam tembak dirinya agar dibina;-1
cak imin janji tak ada wisata haram jika amin menang;-1
cak imin jelaskan maksud wisata halal dan haram bukan mau diseragamkan;-1
arjun pengancam tembak anies ditangkap, keluarga ungkap momennya;-1
timnas amin dorong kasus pria ancam tembak anies diselesaikan lewat rj;-1
cak imin soal koalisi kubu anies dan ganjar: komunikasi itu biasa;-1
aksi relawan amin di ternate;-1
janji cak imin jika amin menang: tak ada lagi wisata haram;-1
pria pengancam tembak anies ditangkap, keluarga kaget;-1
cak imin janji alokasikan rp 150 triliun untuk anak muda jika terpilih;-1
cak imin: amin menang, ri akan jadi destinasi wisata halal terbesar dunia;-1
kampanye di jatim, cak imin bakal hadiri slepet imin di probolinggo;-1
ancaman tembak anies baswedan di tiktok berujung pelaku diamankan;-1
ketua pbnu soal said aqil dukung amin: sikap pribadi, pbnu tetap netral;-1
respons santai timnas amin usai relawan anies pindah haluan dukung prabowo;-1
"kapten timnas amin terima dukungan alumni ugm relagama: pejuang perubahan
";-1
tegaskan dukung amin, said aqil: ketahuilah bahwa saya ada di pihak 01;-1
anies cerita lagi kendala jual saham bir milik pemprov dki saat jadi gubernur;-1
tampang pria ancam tembak anies baswedan yang ditangkap polisi;-1
polisi tangkap pria yang ancam tembak anies baswedan!;-1
muncul ancaman penembakan anies di medsos, tim amin buka suara;-1
respons cak imin kala ganjar ziarah ke kiai bisri di jombang: alhamdulillah;-1
cak imin tak masalah suara nu pecah: saya sama bu khofifah beda biasa aja;-1
relawan anies dan ganjar kompak pindah dukungan ke prabowo-gibran;-1
anies soal ancaman penembakan di medsos: biar penegak hukum menindaklanjuti;-1
polri dalami akun media sosial yang ancam tembak anies baswedan;-1
sambut kedatangan anies di tapteng, edy targetkan kemenangan 75% di sumut;-1
blak-blakan cak imin soal cagub jatim pilihan pkb;-1
heboh anies dapat ancaman penembakan, ganjar: ya laporke polisi;-1
respons cak imin usai ganjar singgung perubahan di hut pdip: itu baru top;-1
anies ke tapteng besok, jubir amin jamin puluhan ribu massa hadir;-1
respons cak imin soal viral ceramah gus ali sebut dirinya mbulet;-1
capres nomor urut 1, anies baswedan mendapat ancaman penembakan di media sosial (medsos).;-1
tpd klaim sulsel tak dikuasai anies tapi masyarakat mau coblos amin;-1
anies puji megawati tolak presiden 3 periode meski bakal untungkan pdip;-1
saat ucapan prabowo direspons matur nuwun oleh anies baswedan;-1
saat ucapan prabowo direspons matur nuwun oleh anies baswedan;-1
tim amin sebut anies singgung lahan prabowo merujuk jokowi, ini kata tkn;-1
kata cak imin soal gus kikin jadi pj ketua pwnu jatim: terserah pbnu!;-1
ucap selamat ultah untuk pdip, cak imin buka peluang koalisi putaran kedua;-1
anies-puan salaman usai debat, kata cak imin soal peluang koalisi putaran 2;-1
khofifah resmi dukung prabowo-gibran, begini respons cak imin;-1
anies respons ucapan prabowo dia pintar atau goblok sih;-1
anies baswedan ucapkan selamat hut pdip lewat unggahan ig;-1
cak imin tepis koalisi dengan pdip di putaran 2: amin menang satu putaran;-1
cak imin soal lahan prabowo: adu gagasan, tidak usah adu emosi;-1
reaksi anies usai disinggung prabowo soal komentar lahan;-1
anies salaman-ngobrol dengan puan usai debat, ini kata ganjar;-1
said aqil: saya simpati ke anies-muhaimin, ingin tahu perjuangannya;-1
jokowi singgung serangan personal di debat capres, anies beri balasan menohok;-1
sempat salaman dengan puan usai debat, anies bilang begini;-1
anies dilaporkan ke bawaslu soal lahan prabowo, tim amin: itu merujuk jokowi;-1
timnas amin jelang debat cawapres: yakin sebenarnya cak imin luar biasa;-1
cak imin respons jokowi soal serangan personal: itu persepsi presiden;-1
anies buka suara soal salaman dan obrolan dengan puan usai debat;-1
timnas amin ke tkn: bagian mana anies serang personal?;-1
respons cak imin soal aksi grace dan isyana hampiri moderator saat debat;-1
anies dilaporkan ke bawaslu atas dugaan fitnah 340 hektare lahan prabowo;-1
anies dilaporkan ke bawaslu atas dugaan fitnah 340 hektare lahan prabowo;-1
prabowo ajak buka-bukaan, cak imin: kalau perlu di publik, lebih transparan;-1
anies baswedan tegaskan singgung soal etik ke prabowo bukan obrolan pribadi;-1
anies bakal kampanye di bali 18 januari 2024, kunjungi 2 tokoh denpasar;-1
andre rosiade: anies tak beretika dan berani bohong demi kekuasaan;-1
kampanye anies baswedan di universitas hazairin bengkulu langgar aturan;-1
edy rahmayadi: yang beriman pilih anies;-1
prabowo soal tak bersalaman dengan anies baswedan : dia ngak datang ke saya;-1
kata anies dan prabowo soal tak salaman usai debat panas;-1
edy sebut anies lebih unggul dari prabowo-ganjar di debat ketiga;-1
gelar profesor anies dibawa-bawa prabowo di debat, sampai 4 kali;-1
momen prabowo potong omongan anies;-1
keluarga besar nu deklarasi dukung amin, cak imin bangga;-1
jelang debat capres, anies baswedan: mudah-mudahan seru;-1
cerita cak imin 4 kali menang pilpres, usung sby hingga jokowi;-1
cak imin juga akan nazar pemilu tapi masih rahasia;-1
anies dijadwalkan ziarah ke makam nani wartabone di gorontalo 8 januari;-1
"jubir sebut anies kuasai tema debat: paslon lain perlu keluarkan energi ekstra
debat capres 2024 ketiga bertema pertahanan hingga keamanan. timnas anies baswedan-muhaimin iskandar (amin) yakin anies menguasai tema.";-1
pengawalan ditingkat timnas amin usai anies tertampar saat kampanye;-1
cak imin bakal dampingi anies dari awal sampai selesai debat;-1
cak imin soal wacana impor sapi prabowo: jangan untungkan importir;-1
cak imin jenguk warga sakit saraf kaki di mojokerto, beri bantuan pengobatan;-1
tim amin yakin anies unggul di debat ketiga: wawasannya luas;-1
momen kiky saputri dan ate roasting anies-cak imin;-1
momen anies-cak imin jajal kacamata sahroni di acara resolusi indonesia;-1
timnas anies-cak imin luncurkan amin app;-1
anies baswedan : penerima beasiswa ln harus berkontribusi meski tak pulang;-1
menengok persiapan anies vs prabowo vs ganjar jelang debat pertahanan;-1
anies singgung jis tergenang saat pildun u-17: jangan main-main sama rumput;-1
deretan spanduk dukung amin nempel di pohon jakarta utara;-1
kacamata anies jatuh saat kampanye, timnas amin: relawan antusias mau peluk;-1
"respons anies soal jokowi dinner bareng prabowo: kan menteri dengan presiden.
calon presiden nomor urut 1 anies baswedan menyampaikan orasi politiknya pada kampanye gerak bersama jangkau semua";-1
"respons anies soal jokowi dinner bareng prabowo: kan menteri dengan presiden.
anies memandang pertemuan antara presiden dan menterinya merupakan hal lumrah. ia pun tak mempermasalahkan pertemuan tersebut.";-1
lsi sebut prabowo-gibran unggul di jawa timur, anies-muhaimin hanya 16,2 persen;-1
cak imin berduka atas tabrakan 2 ka di bandung, minta keamanan jadi prioritas;-1
hasil survei politika terbaru: prabowo 42,4%, ganjar dan anies saling pepet;-1
anies tak masalah 2 panelis debat pilpres dari unhan: hadapi saja;-1
viral anies baswedan dipeluk-dicium paksa simpatisan hingga peci jatuh;-1
sambangi pasar kulit garut, cak imin belikan ini untuk anies agar tak panas;-1
cak imin protes, anies woles saja;-1
kampanye di ciamis, anies disambut antusias santri-diteriaki presiden;-1
bawaslu temukan dugaan pelanggaran saat anies kunjungi ponpes di tasik;-1
timnas amin klaim 7 kali acara anies dilarang di berbagai daerah;-1
anies respons surat suara simulasi pilpres cuma 2 paslon: tak hormati rakyat;-1
cak imin janji lakukan reforma agraria di depan serikat petani;-1
cak imin protes 2 panelis debat dari unhan: unhan di bawah menhan;-1
balasan tkn prabowo usai cak imin sentil utang alat negara;-1
cak imin terima dukungan laskar santri amin jawa barat di sumedang;-1
makan bajamba dengan petani solok, anies tegaskan komitmen pupuk terjangkau;-1
anies minta bansos tak diklaim bantuan pribadi: itu uang rakyat;-1
ditolak pemda, acara desak anies di tanah datar dipindah;-1
bupati tanah datar bantah larang acara desak anies: ada aturannya;-1
cak imin klaim jabar jadi kekuatan: minimal menang 50 persen;-1
anies janji reaktivitas jalur kereta api di sumbar yang telah lama vakum;-1
cak imin tengok korban gempa sumedang di tenda pengungsian;-1
petani bandung curhat soal pupuk ke cak imin;-1
dikenal basis prabowo, anies optimis ranah minang dukung gagasan perubahan;-1
tiba di tanah minang, anies disambut gubernur sumbar;-1
cak imin keberatan mnc jadi penyelenggara debat, ini alasannya;-1
cak imin sebut pemilu tak berjalan normal: kita bikin semua transparan;-1
anies kini rajin live tiktok, timnas amin: abah ingin menyapa lewat medsos;-1
cak imin ingin ikut anies coba live di tiktok: tunggu waktu yang cocok;-1
pembagian rokok bergambar anies-cak imin diduga langgar pidana pemilu;-1
potret cak imin sambangi permukiman nelayan di jakut;-1
momen cak imin ziarah ke makam habib husein luar batang;-1
anies baswedan besok bakal kunjungi 2 daerah di sumbar, ini agendanya;-1
cak imin keberatan penyelenggara debat mnc: harusnya jaga independensi;-1
timnas amin realistis pilpres 2 putaran, klaim elektoral 3 paslon merata;-1
anies live tiktok, timnas amin: disambut meriah;-1
timnas amin klaim kekuatan bukan dari parpol, singgung caleg sibuk cari kursi;-1
live tiktok anies direspons positif kpopers hingga dapat nama panggilan;-1
timnas amin vs tpn ganjar usai disindir temanya nggak jelas;-1
timnas amin nggak nyangka respons kpopers ke anies, ada yang bikin fandom.;-1
pkb jawab nusron yang sentil cak imin: teruskan saja gagah-gagahan;-1
cerita anies baswedan sempat kebingungan saat live tiktok;-1
anies-cak imin naik di survei, jubir amin optimistis masuk putaran dua;-1
ditanya soal kisruh di timnas amin, ini respons anies;-1
alasan anies kini aktif live di tiktok;-1
timnas amin balas tpn: bagaimana mau menang, orang temanya nggak jelas;-1
anies baswedan kini berkampanye lewat live tiktok;-1
anies bilang utuh semua soal beda sikap elite nasdem-sudirman said;-1
calon presiden nomor urut 01 anies baswedan mengungkapkan resolusinya untuk tahun 2024.;-1
resolusi anies baswedan tahun 2024: menjadi perubahan untuk harapan baru;-1
konglomerat tak ada nyumbang ke paslon 01, cak imin: beruntunglah;-1
teriakan prabowo presiden saat anies jalan-jalan ke malioboro;-1
jubir yakin amin menang 1 putaran;-1
live di tiktok jadi cara baru anies baswedan berkampanye;-1
anies sentil soal pencopotan ketua pwnu jatim;-1
anies buka suara soal beda sikap nasdem dan sudirman said;-1
tahun baru di jogja, anies baswedan sempatkan datangi reuni sma;-1
ada beda sikap di timnas amin, anies sebut koalisi masih utuh;-1
pkb soal debat ketiga: anies paham geopolitik dunia, akan kalahkan prabowo;-1
klaim jubir efek desak anies bikin amin salip ganjar-mahfud di survei;-1
hadiri acara tangkilsari bersatu, cak imin bicara perjuangan perubahan jilid 2;-1
amin kontrak politik dengan petani, cak imin: gagal panen dikasih ganti rugi;-1
cak imin cuit nu jangan jadi nahdlotul umaro ansich, apa maksudnya?;-1
kala anies baswedan nikmati kopi dan jadah di ponorogo;-1
ini daftar 40 kota yang mau dibangun anies- cak imin setara jakarta;-1
elektabilitas salip ganjar-mahfud md, anies: kita terus kerja keras;-1
anies bicara kampanye bagian dari demokrasi: harus difasilitasi;-1
kunjungi pasar menganti gresik, cak imin dicurhati soal kenaikan harga;-1
saling sentil gus ipul dan cak imin soal pencopotan ketua pwnu jatim;-1
lsi denny ja: prabowo-gibran kuat di jabar-jatim, ganjar-mahfud di jateng-diy;-1
anies baswedan bakal rayakan tahun baru di jogja bareng keluarga;-1
anies baswedan bakal rayakan tahun baru di jogja bareng keluarga;-1
janji anies ke nelayan lamongan;-1
langkah timnas amin usai viral anies ditampar saat kampanye;-1
anies bilang begini saat ada yang teriak belimbing sayur;-1
sindiran cak imin soal tetangga tak ikut perubahan dijawab demokrat;-1
lembaga survei jakarta (lsj) merilis hasil survei dan menunjukkan prabowo subianto unggul di debat capres dan gibran rakabuming raka unggul di debat cawapres.;-1
lembaga survei jakarta (lsj) merilis hasil survei dan menunjukkan prabowo subianto unggul di debat capres dan gibran rakabuming raka unggul di debat cawapres.;-1
prihatin ketua pwnu jatim dicopot, cak imin: baru kali ini dalam sejarah nu;-1
kata anies soal jubir amin indra charismiadji ditahan terkait kasus pajak;-1
sindir tetangga sebelah, cak imin dinilai tunjuk hidung demokrat;-1
viral anies ditampar saat kampanye, timnas amin akan tingkatkan pengamanan;-1
cak imin: bangunan dibangun wong londo kok lebih awet, memalukan;-1
anies baswedan sebut harga air minum lebih mahal dari bbm;-1
kubu paslon nomor urut 1 anies baswedan dan muhaimin iskandar atau amin menanggapi hasil survei internal yang digelar tim pemenangan nasional (tpn) ganjar pranowo-mahfud md.;-1
wakil ketua umum (waketum) partai garuda teddy gusnaidi merespons soal elektabilitas pasangan capres dan cawapres nomor urut 2 prabowo subianto-gibran rakabuming raka di berbagai lini survei.;-1
cak imin janji hapus tka di level pegawai bawah: kita punya stok lengkap;-1
tim pemenangan nasional (tpn) ganjar-mahfud merilis hasil survei internal yang menunjukkan elektabilitas prabowo subianto dan gibran rakabuming raka unggul sebesar 41,1%.;-1
akhirnya komisi pemberantasan korupsi (kpk) menjatuhi sanksi kepada ketua nonaktif firli bahuri.;-1
"berbagai lembaga survei terus menunjukkan angka elektabilitas 3 capres-cawapres di pilpres 2024 yang berubah-ubah.

""pada simulasi 3 pasangan, tampak prabowo-gibran masih mengalami kenaikan dibanding awal oktober menjadi 46.1%, anies-muhaimin 22.6%, sementara ganjar-mahfud mengalami penurunan menjadi 20.5%. tidak menjawab 10.8%,"" kata peneliti polling institute, kennedy muslim, dalam pemaparan, rabu (27/12/2023).";-1
viral wajah anies dipukul pria bertopi, timnas amin bilang begini;-1
cak imin ibaratkan indonesia sebuah mobil: belum punya sopir tangguh;-1
momen keluarga besar hmi dukung anies-cak imin;-1
anies baswedan batal kampanye di bali 31 desember;-1
keluarga besar hmi deklarasi dukung anies-cak imin;-1
anies di posisi buncit survei indikator, timnas amin: di lapangan beda;-1
anies curhat ditinggal saat jadi gubernur, sandiaga ingatkan potensi perpecahan;-1
safari anies ke rembang hingga dapat 10 rekomendasi dari para kiai pantura;-1
kata budiman sudjatmiko soal cak imin dulu dukung ikn kini tidak;-1
timnas amin latih relawan kawal suara di tps-catat pelanggaran kampanye;-1
penyebab cak imin ikut potong tumpeng meski tak setuju pembangunan ikn;-1
sandiaga minta anies tak buka lembaran lama: bisa timbul perpecahan;-1
kala kasihan cak imin soal air bersih di balikpapan ditepis wali kota;-1
gus yahya bercanda sebut cak imin tak menang, begini respons anies;-1
ini pernyataan cak imin di debat yang dibantah walkot balikpapan;-1
anies sowan ke ponpes al falahiyyah sleman: dibekali doa bu nyai;-1
teriakan anies presiden sambut anies saat ziarahi makam mbah bisri rembang;-1
cak imin janji tambah anggaran riset, bakal slepet brin;-1
ditanya mahasiswa soal angin, anies tunjukkan potret satelit polusi di jakarta;-1
respons anies soal candaan gus yahya sebut cak imin tak menang;-1
jurus cak imin kurangi persentase pekerja informal di ri;-1
daftar 40 kota yang bakal dibangun anies setara jakarta, ada solo-jogja;-1
cak imin jawab gibran soal dulu dukung ikn-ikut potong tumpeng;-1
sekretaris tim kampanye nasional (tkn) prabowo-gibran, nusron wahid menyebut pasangan amin (anies-muhaimin) tidak paham ekonomi syariah.;-1
anies baswedan contract farming dengan petani pekalongan, ini alasannya;-1
sekretaris tim kampanye nasional (tkn) prabowo-gibran, nusron wahid menyebut pasangan amin (anies-muhaimin) tidak paham ekonomi syariah.;-1
cak imin: dulu dukung ikn karena harap investasi besar masuk tapi nggak ada;-1
anies soal janji bangun 40 kota setara jakarta: bukan dari nol;-1
anies heran diadukan ke polisi soal amin: kok baru sekarang?;-1
blak-blakan anies ditinggal sandiaga di tengah tugas sebagai gubernur dki;-1
calon presiden nomor urut 1, anies baswedan, heran dirinya diadukan ke polisi soal penggunaan singkatan 'amin' dalam kampanye pilpres 2024.;-1
kapten timnas yakin jk akan turun gunung menangkan anies-muhaimin;-1
relawan laskar pembela keadilan dan keberpihakan masyarakat (lpkkm) mendeklarasikan dukungan kepada pasangan anies baswedan dan muhaimin iskandar (amin).;-1
timnas amin: berikutnya anies yang debat, mudah-mudahan berlangsung baik;-1
kapten timnas amin muhammad syaugi enggan menanggapi sekretaris tim kampanye nasional (tkn) prabowo-gibran, nusron wahid, yang menyebut semestinya cawapres nomor urut 1 muhaimin iskandar atau cak imin mengerti soal ekonomi syariah.;-1
anies baswedan malam-malam ke brebes contract farming dengan petani;-1
nusron jawab anies soal sgie: koar-koar umat, tak peduli ekonomi syariah;-1
sekretaris tim kampanye nasional (tkn) prabowo-gibran, nusron wahid, menjawab kritik capres nomor urut 1, anies baswedan, terkait pernyataan cawapres nomor urut 2, gibran rakabuming raka, soal state of global islamic economy (sgie) di forum debat cawapres.;-1
strategi slepet ala cak imin buat pendidikan murah-pemerataan pembangunan;-1
cak imin: insyaallah amin menang, kita sikat judi online-pinjol;-1
setuju ganja medis? ini jawaban anies baswedan;-1
di depan umkm kudus, cak imin kritik mendag dan menkop;-1
cak imin soal sgie: bahasa inggris diomongkan indonesia, ya kita tak paham;-1
akronim amin anies-cak imin diadukan ke bareskrim;-1
calon wakil presiden nomor urut 1, muhaimin iskandar atau cak imin, mendatangi kegiatan amin preuneur bersama pelaku ukm/umkm kota kudus, jawa tengah (jateng).;-1
wakil ketua umum partai garuda teddy gusnaidi menilai penampilan cawapres nomor urut 2 gibran rakabuming raka mematahkan segala pandangan miring.;-1
anies: jakarta terjadi perubahan, kita siap dorong di semua tempat;-1
gibran tanya cara tingkatkan peringkat indonesia di sgie, cak imin: itu apa?;-1
forum aktivis dakwah kampus indonesia, umar segala, mengadukan calon presiden nomor urut 1 anies baswedan ke bareskrim polri karena penggunaan akronim 'amin' dalam kampanye pilpres 2024.;-1
anies baswedan diadukan ke bareskrim soal akronim amin di kampanye;-1
mabes polri atensi pembatalan acara anies yang tak dapat izin pj gubernur ntb;-1
anies dilaporkan ke bawaslu gegara sindir paslon lain jadi bahan candaan;-1
h-1 debat, anies-cak imin hadiri konsolidasi timnas amin;-1
respons anies usai dilaporkan ke bawaslu: yang melaporkan jadi populer;-1
anies akan kaji ulang uu cipta kerja jika jadi presiden;-1
cak imin ngaku deg-degan jelang debat, akan hati-hati dengan gibran;-1
janji anies akan kaji ulang uu cipta kerja;-1
nasdem pede amin raih 70% suara di sulsel usai jk nyatakan dukungan terbuka;-1
istri bocorkan persiapan cak imin jelang debat cawapres;-1
pengakuan anies yang sering dihalangi berkampanye, singgung netralitas asn;-1
ditanya lanjutkan ikn atau tidak, anies: keinginan atau kebutuhan?;-1
ini alasan jusuf kalla dukung anies-cak imin di pilpres 2024;-1
merasa terhormat dapat dukungan jk, anies rencanakan pertemuan;-1
budiman sudjatmiko nilai dukungan jk ke amin tak banyak berpengaruh;-1
fery baswedan-rustini muhaimin kampanyekan visi-misi amin pro perempuan;-1
kampanye anies di ntb tak dapat izin, pj gubernur: tidak baca suratnya;-1
kerap kritik pembangunan jalan tol, kubu anies-cak imin beri penjelasan;-1
jusuf kalla nyatakan dukung anies-cak imin, ini alasannya;-1
kerap kritik pembangunan jalan tol, kubu anies-cak imin beri penjelasan;-1
jusuf kalla resmi dukung anies-cak imin di pilpres 2024;-1
jk resmi dukung amin, cak imin: alhamdulillah bahagia sekali;-1
diminta mahasiswa untuk kritik wapres maruf amin, cak imin bilang begini;-1
respons rokok bergambar anies-cak imin di bali, jurkam sebut kampanye hitam;-1
prana sohe ditarik pundaknya saat dampingi anies: hanya salah paham;-1
cak imin janji kerja all out: kalau nggak berguna siap mundur;-1
cak imin sebut tol tak dinikmati tukang becak, pengamat: gimana mau maju!;-1
kampanye anies di lombok sempat dibatalkan sepihak: sudah berkali-kali;-1
kampanye anies di lombok sempat dibatalkan sepihak: sudah berkali-kali;-1
mensesneg balas cak imin: memang tol bukan untuk tukang becak, gimana to?;-1
anies respons prabowo soal politik uang: hormati hal pilih!;-1
anies: kita tak ingin lagi ada hubungan negara dengan ulama yang tegang;-1
rokok gambar anies-cak imin beredar di bali, bawaslu tunggu laporan;-1
anies sindir mahalnya kebutuhan pokok-petani kesulitan dapat pupuk murah;-1
"asal usul wakanda no more, indonesia forever; yang diucapkan anies baswedan";-1
anies optimistis cak imin pikat masyarakat di debat cawapres;-1
prihatin, pan harap rombongan anies baik-baik saja pasca kecelakaan;-1
anies nonton attack on titan season 2 episode 1, berikut sinopsisnya;-1
cak imin: anak muda banyak yang gangguan mental, mudah stres-ngamukan;-1
cak imin kritik pembangunan jalan tol: tukang becak tak bisa nikmati;-1
fadli zon kenang usul anies nyagub dki: materainya darurat pakai ludah saya;-1
di hadapan cak imin, pimpinan majelis taklim bekasi deklarasi dukung amin;-1
cak imin tak masalah debat pakai podium: jumlah undangan harus adil;-1
di depan majelis taklim bekasi, cak imin janji berantas pinjol-judi online;-1
hari ini, anies baswedan kampanye ke kota lubuklinggau;-1
anies sempat nonton anime attack on titan saat perjalanan kampanye di aceh;-1
timnas amin sambut usul ganjar perbanyak tanya jawab paslon di debat;-1
realistiskah janji cak imin kasih anak muda modal rp 10 juta tanpa bunga-agunan?;-1
balasan kubu prabowo subianto ke anies baswedan soal ndasmu etik;-1
mobil rombongan anies baswedan kecelakaan beruntun di aceh timur;-1
mobil rombongan anies kecelakaan beruntun di aceh, tak ada korban jiwa;-1
cak imin janji kasih anak muda modal tanpa bunga-agunan, dari mana duitnya?;-1
prabowo bilang ndasmu etik, anies: etik memang dari kepala;-1
legislator pdip: anies selama jadi gubernur dki memang angkat ordal;-1
6 agenda kampanye anies di sumsel, blusukan ke pasar-bertemu mahasiswa;-1
cak imin janji kasih modal anak muda rp 10 juta tanpa agunan-bunga, realistis?;-1
pengasuh ponpes lirboyo ajak nahdliyin bersatu menangkan amin;-1
istri anies baswedan melayat ke rumah duka istri habib rizieq di petamburan;-1
anies ucapkan belasungkawa atas kepergian istri habib rizieq;-1
ikatan tausiah muqimin indonesia di madinah deklarasi dukung amin;-1
"sebanyak 1000 sinoman obah deso malang raya sepakat mendeklarasikan diri untuk memenangkan pasangan calon presiden dan calon wakil presiden anies baswedan dan muhaimin iskandar, pada kontestasi pemilu 2024.

diketahui, sinoman obah deso menjadi ujung tombak dalam perolehan suara pasangan amin khususnya di daerah pedesaan. sekretaris jenderal (sekjen) pkb hasanuddin wahid berpesan agar para anggota sinoman obah deso dapat menggaet suara di luar basis pendukung pkb.

""mencari suara itu di tempat yang belum jadi basis suara kita. kalau di basis suara, itu namanya memelihara. kita kampanye harus di luar basis, cari suara juga di luar basis. ayo berkampanye di (pihak) luar yang belum memilih kita,"" ujar pria yang akrab dipanggil cak udin dalam keterangan tertulis, sabtu (16/12/2023).

dia juga mengapresiasi anggota yang berinisiatif untuk membentuk relawan tim pemenangan pasangan amin dalam sinoman obah deso ini. terlebih para relawan terinspirasi dari tradisi warga desa, yang gotong royong untuk menyukseskan setiap kegiatan yang ada di desanya.

""ini kreativitas dari temen-temen yang tiap hari sobo deso, kemudian mereka mendatangi saya, minta dibuatkan relawan namanya sinoman obah deso untuk gus muhaimin dan pak anies,"" terangnya.

kemudian, cak udin juga menerangkan arti nama sinoman. dalam tradisi masyarakat desa, ketika terdapat warga yang hendak menggelar hajatan, para warga lainnya dengan sukarela membantu bak relawan. tindakan sukarela inilah yang biasa disebut sinoman.

""orang di desa yang sedang punya hajat, pasti para tetangga datang untuk menyukseskan hajat itu, membantu secara sukarela, makanya namanya sinoman. oleh karena itu para aktivis desa, organisasi masyarakat, tokoh desa kumpul ingin sinoman ke gus muhaimin dan pak anies agar bisa memenangkan pilpres 2024,"" tambahnya.

sementara itu, koordinator sinoman obah deso sugeng mengibaratkan pasangan anies-muhaimin dalam kontestasi pilpres 2024 layaknya pengantin di tingkat negara. sementara masyarakat, memiliki andil untuk dapat menyukseskan harapan besar pasangan amin dalam meraih kemenangan.

""orang-orang dari semua unsur di desa sudah kebiasaan saling silaturahmi, bantu satu sama lain di bidang apapun karena ini bentuk kerukunan. ibaratkan dalam satu hajatan di desa ada sebuah pengantin, ini adalah pengantin tingkat negara. kita ingin menyukseskan dan menitipkan agar negara bisa menyejahterakan masyarakat,"" ujar sugeng.

untuk itu, dengan sukarela dan tanpa tekanan apapun, ia memastikan para relawan berhasil menggaet suara lebih besar lagi demi kemenangan pasangan calon nomor urut 1 tersebut.

""ini adalah kerukunan untuk membantu, karena sudah merasa cocok dan terwakili oleh pasangan amin. maka hasil rembukan teman-teman di desa, semua ajak untuk nyinoman. kita bahu membahu tanpa tekanan untuk menyukseskan amin menjadi pengantin negara. harapannya merawat kesejahteraan masyarakat,"" tegasnya.";-1
fakta-fakta foto anies baswedan nongol di soal ujian smk lamongan;-1
timnas amin pertimbangkan anies-cak imin kunjungi ikn;-1
ikatan tausiah muqimin indonesia (itmi) di madinah, arab saudi, mendeklarasikan dukungan kepada pasangan capres-cawapres nomor urut 1, anies baswedan-muhaimin iskandar atau cak imin (amin).;-1
anies bakal kampanye di ponpes-jumpa milenial ntb;-1
heboh foto anies baswedan nongol di soal ujian smk lamongan;-1
anies beberkan alasan terima pakta integritas ijtima ulama;-1
heboh foto anies baswedan nongol di soal ujian smk lamongan;-1
timnas amin tegaskan uas bukan juru kampanye anies-cak imin;-1
anies banggakan cak imin jelang debat: bicara 2 menit, bekal puluhan tahun;-1
thomas lembong bantu cak imin hadapi debat cawapres 22 desember;-1
anies diagendakan kampanye di aceh akhir pekan ini;-1
"calon presiden nomor 1 anies baswedan dijadwalkan akan berkunjung ke aceh akhir pekan ini. mantan gubernur dki jakarta itu akan berdialog dengan petani sawit saat menghadiri maulid.

""anies akan mengunjungi aceh timur, kota langsa, dan aceh tamiang,"" kata kapten pemenangan pasangan amin (anies-muhaimin) ustadz ghufran kepada wartawan, jumat (15/12/2023).

berdasarkan agenda diperoleh detiksumut, anies dijadwalkan tiba di bandara malikussaleh, aceh pada minggu (17/12) sekitar pukul 08.00 wib. dari bandara, anies berkunjung ke aceh timur untuk menghadiri haul akbar dan maulid nabi muhammad saw di simpang ulim.

setelah itu, anies juga dijadwalkan nongkrong bareng relawan dan pemuda di kota langsa. anies kemudian melanjutkan perjalanan ke aceh tamiang untuk berdialog dengan petani sawit.

""di kota langsa pak anies akan bertemu generasi muda dan warga untuk berdialog,"" jelas ghufran didampingi jubir sekber amin munawar ar.

dari aceh tamiang, anies disebut menuju bandara kualanamu di sumatera utara untuk kembali ke jakarta.";-1
kaesang yakin gibran bisa atasi mahfud dan cak imin saat debat cawapres;-1
uas dukung anies tapi tak jadi jurkam, timnas amin: beliau tetap ulama;-1
ketua pkb riau, abdul wahid, menyebut ustaz abdul somad atau uas mendukung penuh pasangan nomor urut 1 anies baswedan dan muhaimin iskandar atau cak imin.;-1
begini kata gerindra usai anies sebut prabowo tak tahan jadi oposisi;-1
wali kota solo yang juga cawapres nomor urut 2, gibran rakabuming raka mengaku tidak ada cawapres lawan yang berat atau ditakuti di debat capres mendatang.;-1
"cawapres nomor urut 2, gibran rakabuming raka, bicara terkait debat pilpres 2024 yang akan digelar pada jumat. dia mengaku tidak ada lawan yang berat dan ditakuti saat debat khusus cawapres tersebut.

""nggak, nggak ada,"" kata gibran ditanya soal cawapres yang berat dan ditakuti di debat, dilansir detikjateng, jumat (15/12/2023).

disinggung mengenai adanya tim pemenangan nasional anies-muhaimin (timnas amin) yang menyebut lawan cawapres berat yakni mahfud md, gibran menjawab santai.

""ya biar saja, sudah nggih,"" ucapnya.

sebelumnya, gibran mengatakan jelang debat cawapres jumat, 22 desember 2023 mendatang, dirinya sudah melakukan persiapan

""(persiapan khusus) ya semua nanti disiapkan, ya,"" pungkasnya.";-1
isi lengkap 13 pakta integritas ijtima ulama yang diteken anies-cak imin;-1
soal prabowo tak tahan jadi oposisi, anies disebut lupa sejarah;-1
kpk tantang capres adu gagasan berantas korupsi, timnas amin jamin anies siap;-1
begini kata gerindra usai anies sebut prabowo tak tahan jadi oposisi;-1
ijtima ulama pastikan dukung anies-imin usai pakta integritas diteken;-1
bertemu relawan di saudi, cak imin janji tingkatkan perlindungan tki;-1
anies resah sama ordal, ruhut ungkit tgupp: tim sukses dia semua;-1
menteri dari parpol pendukung anies dikabarkan mundur dari kabinet jokowi;-1
uas dukung anies-muhaimin di pilpres 2024!;-1
sebanyak 2.000 emak-emak di malang raya dikukuhkan menjadi jubir pasangan amin oleh sekjen dpp partai kebangkitan bangsa (pkb) m hasanuddin wahid (cak udin).;-1
calon wakil presiden nomor urut 1 muhaimin iskandar atau cak imin bertemu relawan amin (anies-muhaimin) di arab saudi.;-1
partai nasdem mengaku heran dengan waketum partai gelora fahri hamzah yang mengaku mendengar rumor soal menteri dari nasdem dan pkb akan keluar dari kabinet presiden joko widodo (jokowi)-wapres ma'ruf amin.;-1
potret semringah uas sampaikan dukung anies-muhaimin di pilpres 2024;-1
capres nomor urut 1 anies baswedan mengunjungi ustaz abdul somad (uas). pertemuan itu dianggap sebagai durian runtuh karena uas juga mengajak anies menginap di rumahnya.;-1
capres nomor urut 1, anies baswedan, bermalam di rumah ustaz abdul somad (uas). uas diketahui mendukung paslon pilpres anies-muhaimin.;-1
ustaz abdul somad atau yang akrab disapa uas resmi mendeklarasikan dukungan pada pasangan calon presiden anies baswedan-muhamimin iskandar.;-1
cak imin blak-blakan alasan hengkang dari koalisi bersama prabowo;-1
cak imin: jadi oposisi itu mulia;-1
debat panas prabowo vs anies soal pilgub dki dan oposisi;-1
prabowo tanya polusi udara jakarta, anies jawab angin tak punya ktp;-1
cak imin ungkap alasan tak tarik menterinya di kabinet jokowi;-1
cak imin targetkan menang di atas 50% di jatim;-1
tpd amin diy soroti prabowo terbawa emosi saat debat sengit lawan anies;-1
jubir sebut anies-muhaimin akan turunkan harga sembako kalau terpilih;-1
timnas amin sangat puas dengan penampilan anies di debat perdana;-1
kapten timnas anies-muhaimin (amin) syaugi alaydrus mengaku puas dengan jawaban anies baswedan di debat perdana semalam. syaugi menilai anies terbaik.;-1
blak-blakan muhaimin iskandar: netralitas aparat;-1
capres nomor urut 1, anies baswedan menyebut jakarta kini (jaki) sebagai super apps di debat pilpres 2024. anggota komisi e dprd dki f-pdip, ima madiah, membandingkan qlue era eks gubernur dki jakarta, basuki tjahaja purnama (ahok) dengan jaki.;-1
anies soal aplikasi jaki diduga diretas: pemerintah harus usut;-1
adu pendapat akhirnya pecah saat sesi tanya jawab antar-capres berjalan. dalam perhelatan politik nasional bertajuk debat capres ini, sejumlah gagasan disampaikan terkait tema hukum, ham, pemerintahan, pemberantasan korupsi, dan penguatan demokrasi.;-1
ketua dpp pkb daniel johan membela pasangan capres-cawapres anies baswedan dan muhaimin iskandar (amin) yang elektabilitasnya disebut sekjen pdip hasto kristiyanto stagnan dan hanya begitu-begitu saja.;-1
jelang debat cawapres, cak imin berangkat umrah besok;-1
anies sentil milenial cawapres di debat perdana pilpres 2024;-1
gaya anies-cak imin berpeci jelang debat perdana pilpres 2024;-1
tanggapi pendapat anies, repnas sebut bansos masih diperlukan masyarakat;-1
klaim nasdem sulsel suara amin ada di mana-mana meski survei selalu rendah;-1
nasdem sulsel soal survei anies rendah: di warkop-rumah ibadah semua amin;-1
gen-amin deklarasi dukungan untuk anies-muhaimin;-1
sudirman said sebut timnas amin akan bikin posko gerakan rakyat di tiap tps;-1
politik di mata mikail anak anies: sesuatu yang harus dipahami anak muda;-1
politik di mata michael anak anies: sesuatu yang harus dipahami anak muda;-1
pkb yakin pilpres 2024 dua putaran, anies-cak imin vs prabowo-gibran;-1
elektabilitas naik di survei litbang kompas, anies bilang begini;-1
gerak senyap anies-ganjar di desa;-1
persiapan anies jelang debat pertama: belajar dan membaca;-1
waketum nasdem: masuk putaran dua, anies presiden;-1
bukan sebar basos, ini jurus anies atasi kemiskinan di ri;-1
anies: bumn tidak boleh mematikan swasta, harus beri ruang;-1
survei litbang kompas: gibran 37,3%, mahfud 21,6% dan cak imin 12,7%;-1
anies bicara perekonomian timpang di ri, ungkit perang balkan;-1
head to head lsi: prabowo-gibran ungguli anies-cak imin dan ganjar-mahfud;-1
mantan ketua umum pengurus besar nahdlatul ulama (pbnu) said aqil siradj mengungkapkan tidak mendukung salah satu pasangan calon di pilpres 2024.;-1
tak hanya hina nabi, komika aulia juga senggol habib rizieq-anies;-1
langkah timnas amin usai komika dianggap hina nabi di desak anies;-1
ketua tkd anies-muhaimin (amin) sumut, edy rahmayadi, menyindir cawapres nomor urut 2 gibran rakabuming raka.;-1
peta wilayah kekuatan amin vs prabowo-gibran vs ganjar-mahfud versi indikator;-1
partai pelita deklarasi dukung anies-cak imin di pilpres 2024;-1
lembaga survei indonesia (lsi) merilis hasil survei terbaru tingkat elektabilitas 3 paslon, yaitu anies baswedan-muhaimin iskandar (amin), prabowo subianto-gibran rakabuming, dan ganjar pranowo-mahfud md. hasilnya, paslon nomor urut 2 prabowo-gibran unggul dengan perolehan suara sebesar 45,6%.;-1
putri anies dan putra ganjar main bareng di kemang, ada pesan penting ini!;-1
kriteria menteri pilihan amin jika menang menurut cak imin;-1
cak imin sebut spanduk tolak capres asam sulfat sebagai reaksi masyarakat;-1
cak imin siap hadapi debat cawapres: istirahat 2 hari cukup;-1
jadi tim riset, mutiara baswedan kasih masukan isu ke anies jelang debat;-1
kunjungi tanah kelahiran, anies dicurhati masalah di gunung ciremai;-1
kunjungi tanah kelahiran, anies dicurhati masalah di gunung ciremai;-1
mutiara annisa baswedan binti anies baswedan memberi dukungan ke ayahandanya yang hendak berlaga di debat capres, pertama pada 12 desember nanti. mutiara mengaku menjadi peneliti di tim kampanye anies-muhaimin iskandar (amin).;-1
anies genggam keris sunan gunung jati di keraton kasepuhan cirebon;-1
anies genggam keris sunan gunung jati di keraton kasepuhan cirebon;-1
pendukung anies-muhaimin ini membelot dukung prabowo-gibran;-1
datangi keraton kasepuhan, anies genggam keris sunan gunung jati;-1
pendukung anies-muhaimin (pam) center kini mengubah arah dukungan ke prabowo-gibran. mereka pun mengubah nama organisasi menjadi pendukung prabowo-gibran (ppg). apa alasannya?;-1
prabowo balas anies: kalau ada gagasan tapi mau joget nggak boleh?;-1
cak imin yakin menang pilpres 2024: lawan amin saya kira standar saja;-1
capres nomor urut 3, ganjar pranowo, mengunjungi ibu kota negara (ikn) nusantara dan berkomitmen melanjutkan pembangunan ikn. bagaimana sikap capres nomor urut 1, anies baswedan, dan capres nomor urut 2, prabowo subianto, soal ikn terbuka untuk dikunjungi?;-1
respons ganjar soal anies singgung ri bukan untuk anak-kemenakan;-1
kasus bullying tinggi, cak imin bakal wajibkan sekolah bikin unit pencegahan;-1
balasan tkn ke anies yang singgung ri bukan untuk anak-kemenakan;-1
anies sebut ikn hanya untungkan asn, mahfud: kalau batal negara kacau;-1
anies sebut ikn hanya untungkan asn, mahfud: kalau batal negara kacau;-1
balasan tkn ke anies yang singgung ri bukan untuk anak-kemenakan;-1
anies baswedan janji bikin jalur ganda kereta api di lampung;-1
cak imin di langkat singgung gaji guru rendah-2024 guru jadi presiden;-1
anies pede menang di putaran kedua, singgung pengalaman pilgub dki;-1
ketua dpp pkb cucun ahmad syamsurijal merespons pernyataan kepala otorita ibu kota negara nusantara (ikn), bambang susantono, soal capres untuk berkunjung ke ikn. cucun mengatakan tak ada orang yang berkampanye di ikn.;-1
anies baswedan janji bikin jalur ganda kereta api di lampung;-1
anies yakin menang pilpres di putaran kedua, ungkit pilgub dki jakarta;-1
"""saya setuju kentongan menjadi simbol kita untuk menggerakkan, menghidupkan, membangunkan yang masih tidur, menguatkan yang lemah,"" ucapnya ditemui di aula pandansari, taman wiladarika, cibubur, jakarta timur, kamis (7/12/2023).";-1
cak imin tolak rencana gubernur daerah khusus jakarta ditunjuk presiden;-1
anies ungkap 5 agenda strategis pembangunan di sektor transportasi;-1
kritik kartu prakerja, cak imin berencana geser anggaran ke pemagangan;-1
pendiri-eks kader demokrat relawan bintang mercy perubahan dukung amin;-1
anies baswedan blusukan ke pasar minggu bengkulu, janji stabilkan harga;-1
cak imin dijadwalkan kampanye di sumut lusa, ini agendanya;-1
debat capres-cawapres perdana akan digelar kurang dari seminggu lagi. jelang debat perdana itu, muncul dinamika terkait format debat cawapres yang berubah.;-1
anies singgung asam folat: didapatnya dari tanaman, bukan di bengkel;-1
ulama muda aceh, teungku anwar usman atau akrab disapa abiya anwar kuta krueng meminta cawapres nomor urut 1 muhaimin iskandar (cak imin) membuat menteri pesantren bila terpilih.;-1
cak imin soal dpr setuju revisi uu ite jilid 2: membahagiakan;-1
cak imin janji dana otsus aceh diperpanjang sampai kiamat;-1
cak imin girang dpr setuju revisi uu ite jilid 2: akhirnya lolos;-1
cak imin: insyaallah anies-muhaimin tak akan pernah bohong untuk aceh!;-1
jubir amin balas pan: anies tak pernah keluarkan penolakan ikn;-1
calon wakil presiden (cawapres) nomor urut 1, muhaimin iskandar (cak imin), merespons revisi undang-undang (ruu) informasi dan transaksi elektronik (ite) yang telah disahkan menjadi undang-undang.;-1
cawapres nomor urut 1 dari koalisi perubahan muhaimin iskandar atau cak imin menekankan bahwa bantuan sosial (bansos) tidak ada urusannya dengan pemilu 2024.;-1
calon wakil presiden (cawapres) nomor urut 1 muhaimin iskandar (cak imin) berbicara masalah perubahan dan pemerataan ekonomi saat berkampanye di aceh. ketua umum pkb itu mengaku heran dengan kondisi papua yang kaya dengan emas.;-1
calon wakil presiden (cawapres) nomor urut 1 muhaimin iskandar (cak imin) menegaskan pihaknya tidak akan pernah bohong untuk aceh. cak imin mengungkit aturan yang akan mereka jalankan sepenuhnya jika terpilih.;-1
janji 100 hari kerja pertama anies di karawang;-1
kata kapten timnas amin soal pihaknya dituding minta debat cawapres ditiadakan;-1
calon wakil presiden (cawapres) koalisi perubahan muhaimin iskandar (cak imin) menyebut ingin mengembalikan demokrasi di indonesia ke asalnya. ia berjanji jika pasangan anies-muhaimin (amin) terpilih di pemilu 2024 maka undang-undang tentang informasi transaksi elektronik (uu ite) akan direvisi total.;-1
cak imin vs pihak sandiaga soal ok oce disebut gagal;-1
calon wakil presiden (cawapres) nomor urut 1 muhaimin iskandar (cak imin) meresmikan posko pemenangan amin di sumatera barat malam ini. cak imin yakin akan memperoleh 80 persen suara di sumatera barat.;-1
wakil kapten timnas amin, sudirman said merespons presiden jokowi yang bertanya-tanya kenapa eks ketua kpk agus rahardjo meramaikan pengakuan soal isu menghentikan kasus e-ktp. menurut dia, ada kepentingan publik dalam pernyataan agus rahardjo.;-1
cak imin jika jadi wapres: kita keluarkan perppu kembali ke uu asal kpk;-1
anies sebut ikn hasilkan ketimpangan, bahlil: cara pikir menyesatkan;-1
anies disebut gagal jalankan ok oce, cak imin: itu program sandiaga;-1
calon wakil presiden (cawapres) koalisi perubahan muhaimin iskandar (cak imin) membantah pihaknya mengusulkan perubahan format debat cawapres yang diumumkan oleh kpu.;-1
cak imin bantah timnas amin usul perubahan format debat cawapres;-1
anies menjawab usai tkn tunjuk tim amin di balik debat cawapres berubah;-1
kubu anies-imin: kami lihat apakah ikn diteruskan atau dikoreksi;-1
wakil kapten timnas anies-muhaimin (amin), sudirman said, mengatakan pihaknya menghormati rencana pemerintah terkait pembangunan ibu kota nusantara (ikn) yang sudah disahkan dalam undang-undang nomor 3 tahun 2022 tentang ibu kota negara.;-1
kubu anies-imin: kami lihat apakah ikn diteruskan atau dikoreksi;-1
janji 100 hari pertama anies baswedan ke pedagang di pasar karawang;-1
anies menjawab usai tkn tunjuk tim amin di balik debat cawapres berubah;-1
beda dengan gibran, cak imin: harga naik di akhir tahun harus diantisipasi;-1
cak imin janji tambah pabrik gula: daripada ketergantungan impor;-1
keyakinan anies ke edy rahmayadi bakal menangkan amin di sumut;-1
format debat cawapres yang berbeda di pemilu 2024 tengah menuai sorotan. tim kampanye nasional (tkn) prabowo subianto-gibran rakabuming raka mengungkap usulan itu justru berasal dari kubu anies baswedan-muhaimin iskandar.;-1
beberapa hari terakhir ini publik dihebohkan dengan perubahan format debat pilpres 2024. komisi pemilihan umum (kpu) ri menghapus debat khusus calon wakil presiden. menarik untuk dibahas, karena ada pihak yang menilai keputusan ini menguntungkan salah satu paslon.;-1
minta asn tolak perintah atasan yang tak netral, anies: jawab saya disumpah;-1
said aqil doakan mahfud jadi wapres, pkb: secara hati insyaallah cak imin;-1
anies yakin sosok edy bisa menangkan amin di sumut yang dikuasai pdip di 2019;-1
cak imin hadiri haul ayahanda, mohon restu kiai agar menang pilpres;-1
tiba di bandara minangkabau, cak imin diteriaki pkb menang;-1
respons anies soal tkn sebut beda format debat cawapres usulan amin;-1
tim pemenangan nasional anies baswedan-muhaimin iskandar (timnas amin) mengomentari terkait perubahan format debat capres-cawapres pada proses pemilu 2024. juru bicara (jubir) timnas amin, said didu meminta kpu mengikuti aturan seperti yang sudah sesuai dengan peraturan kpu nomor 15 tahun 2023 pasal 50 ayat (1).;-1
tkn prabowo-gibran menyebut debat cawapres berbeda format diusulkan sosok ibu-ibu dari perwakilan anies baswedan-muhaimin iskandar atau cak imin. tim nasional pemenangan anies baswedan-muhaimin iskandar (timnas amin) mengaku tengah mendalami sosok perempuan yang disebut tkn prabwo-gibran.;-1
disambut edy rahmayadi, anies baswedan tiba di medan;-1
istri anies baswedan, fery farhati bicara soal pandangannya terkait stereotipe perempuan di masyarakat. dia menyampaikan perempuan sangat berperan jadi penggerak mulai dari keluarga hingga pengambil kebijakan.;-1
tkn prabowo subianto-gibran rakabuming raka menyebut beda format debat cawapres bermula dari usulan kubu anies baswedan-muhaimin iskandar (amin). anies meminta publik menunggu jawaban kpu.;-1
"minta anies cek, tkn ungkap sosok tim amin pengusul format debat cawapres
tkn prabowo-gibran menyebut debat cawapres berbeda format diusulkan perwakilan anies-cak imin saat diskusi bersama kpu.";-1
tim kampanye nasional (tkn) prabowo subianto-gibran rakabuming menyebut debat cawapres berbeda format diusulkan perwakilan anies baswedan-muhaimin iskandar atau cak imin saat diskusi bersama kpu. tkn meminta anies, yang mengaku terkejut, untuk mengecek ulang ke internal.;-1
calon presiden nomor urut 1 anies baswedan mengaku terkejut dengan format berbeda di debat cawapres. kubu prabowo subianto-gibran rakabuming menyebut beda format debat cawapres ini bermula dari usulan kubu anies baswedan.;-1
anies baswedan ingin mengunjungi palestina jika terpilih jadi presiden;-1
cak imin sebut anies gubernur paling sukses: difitnah-diganggu jalan terus;-1
besok cak imin ke sumbar, ini rangkaian acaranya;-1
dikritik anies, prabowo bakal tambah anggaran ikn jika terpilih jadi presiden;-1
eks komisioner komnas ham amiruddin ungkap kesediaan gabung timnas amin;-1
anies baswedan : indonesia harus kembali jadi penentu agenda dunia;-1
eks komisioner komnas ham, amiruddin al rahab, mengaku bersedia diajak masuk timnas anies baswedan-muhaimin iskandar (amin). dia menilai anies-muhaimin sebagai harapan baru masyarakat.;-1
anies terkejut soal format beda debat cawapres: belum dibicarakan bersama;-1
anies pilih asean baru g20: indonesia negara di asia tenggara;-1
kelakar cak imin: jika pikirkan indonesia, sejelek-jeleknya jadi kades;-1
anies nebeng motor patwal hadiri haul kh noer ali di bekasi;-1
ketua umum partai solidaritas indonesia (psi) kaesang pangarep mengatakan capres dan cawapres nomor urut 2 prabowo subianto dan gibran rakabuming raka berpeluang besar menang di pilpres 2024 dilihat dari beberapa hasil survei.;-1
cak imin: kalau kita tak menang, indonesia dalam ancaman kehancuran;-1
cak imin bicara tantangan di pilpres 2024: kompetitor punya kekuatan lengkap;-1
pose amin di desain surat suara pilpres 2024 paling beda, ini alasannya;-1
balasan jokowi kala ikn disorot pks dan anies baswedan;-1
tidak diundang, anies dan cak imin tak akan hadiri munajat 212 di monas;-1
capres nomor urut 1 anies baswedan bakal menghadiri acara haul kh. noer ali di bekasi. anies berangkat dengan menumpangi motor patwalnya.;-1
bergabungnya khofifah indar parawansa ke barisan tim pemenangan nasional (tpn) prabowo-gibran atau koalisi indonesia maju (kim) sangatlah menarik perhatian publik. ;-1
persaudaraan alumni (pa) 212 akan menggelar kegiatan munajat 212 pada 1 dan 2 desember. pasangan capres-cawapres nomor 1, anies baswedan dan muhaimin iskandar (cak imin), tidak akan hadir dalam acara di monas itu.;-1
cak imin soal data pemilih diduga bocor: ada upaya sistematis ganggu pemilu;-1
data pemilih pemilu diduga bocor, anies bilang begini;-1
sudirman soal persiapan amin debat capres: istirahat cukup biar segar;-1
dewan pakar timnas amin usul anggaran ikn dipindahkan ke 14 kota;-1
mendengar curhatan petani di bandung ke anies baswedan;-1
pernyataan lengkap anies kritik ikn timbulkan ketimpangan baru;-1
respons cak imin soal khofifah condong dukung prabowo-gibran;-1
pkb optimis khofifah dukung amin di pilpres 2024: batinnya pasti mendukung;-1
cak imin optimis amin menang 50% di jatim: yang lain dibagi;-1
hari pertama kampanye, cak imin bakal main bola bareng legenda persebaya;-1
cak imin tanding sepakbola lawan persebaya legend, cetak gol penalti;-1
cak imin ungkap anggaran stunting dipakai buat rapat, janjikan perubahan!;-1
potret salam satu jari anies baswedan dan warga tanah merah jakarta;-1
pakai helm amin, anies naik motor keliling tanah merah;-1
memulai kampanye hari ini, anies minta doa restu ke ibunda;-1
head to head spin: prabowo-gibran ungguli ganjar-mahfud dan anies-imin;-1
anies ungkap alasan sederhana mulai kampanye dari jakarta;-1
anies dan ganjar ngobrol semeja di kpu, waketum pkb buka suara;-1
cak imin cuti dari dpr mulai besok, kampanye perdana digelar di jatim;-1
kompak pakai peci, anies-cak imin hadiri deklarasi pemilu damai di kpu;-1
anies di rakornas gakkumdu: yang belok kanan-kiri, disiplinkan!;-1
pks janji ibu kota tetap di jakarta, cak imin: otoritas partai masing-masing;-1
anies ungkap ada banyak tekanan dari pihak yang tak ingin perubahan;-1
terungkapnya pencatut rektorat ugm berujung anies batal isi kuliah umum;-1
anies respons gagasan pks soal ibu kota tetap di jakarta;-1
reaksi anies soal gagasan pks ibu kota negara tetap di jakarta;-1
